account_id	closing_date	balance
2506812882667502	2020-01-09	£220.04
2506813582848069	2020-01-11	£29,912.76
2506816505357332	2020-01-14	£34,539.47
2506813582848069	2020-01-17	£60,843.35
2506812882667502	2020-01-23	£46,161.18
2506813582848069	2020-01-27	£27,577.40
2506815204330445	2020-01-29	£9,898.59
2506819484471167	2020-01-30	£48,059.90
2506818387065000	2020-02-09	£80,355.82
2506815749825845	2020-02-10	£42,329.56
2506815204330445	2020-02-10	£32,622.96
2506812882667502	2020-02-12	£89,477.27
2506812922099134	2020-02-16	£32,953.90
2506811791507287	2020-02-17	£16,527.49
2506816505357332	2020-02-20	£20,085.61
2506819650850193	2020-02-20	£46,373.98
2506819650850193	2020-02-20	£36,489.74
2506814663655137	2020-02-24	£49,994.65
2506811791507287	2020-02-27	-£8,963.95
2506817368599029	2020-03-06	£87,005.62
2506813582848069	2020-03-07	£1,197.81
2506811791507287	2020-03-10	£40,444.00
2506811791507287	2020-03-15	-£2,795.39
2506814663655137	2020-03-18	£88,049.18
2506816505357332	2020-03-22	£51,417.14
2506814418031692	2020-03-23	£65,795.64
2506812922099134	2020-03-26	£15,197.39
2506817368599029	2020-03-27	£115,265.14
2506819484471167	2020-03-30	£52,516.35
2506813582848069	2020-04-02	-£20,336.75
2506815204330445	2020-04-03	-£372.49
2506818387065000	2020-04-04	£31,735.12
2506814663655137	2020-04-08	£80,738.07
2506812922099134	2020-04-09	-£7,442.51
2506812882667502	2020-04-09	£101,625.01
2506815227545690	2020-04-10	£37,753.01
2506815227545690	2020-04-12	£13,535.22
2506817999360237	2020-04-14	£96,947.44
2506814418031692	2020-04-16	£31,901.06
2506811791507287	2020-04-17	£15,919.84
2506812882667502	2020-04-17	£137,300.09
2506811113927493	2020-04-18	£39,587.28
2506814663655137	2020-04-19	£109,149.84
2506816313428360	2020-04-19	£84,610.60
2506819650850193	2020-04-20	£27,210.68
2506815227545690	2020-04-25	-£29,633.86
2506819650850193	2020-04-27	£11,989.86
2506816505357332	2020-04-28	£34,770.68
2506816313428360	2020-04-30	£108,221.28
2506811791507287	2020-05-02	£60,244.29
2506817368599029	2020-05-07	£108,017.09
2506819484471167	2020-05-07	£21,961.05
2506812922099134	2020-05-08	£37,347.39
2506816313428360	2020-05-18	£84,767.62
2506817999360237	2020-05-20	£61,110.95
2506816313428360	2020-05-21	£75,487.59
2506818387065000	2020-05-24	£79,034.24
2506813582848069	2020-05-28	-£58,864.04
2506816505357332	2020-05-29	-£2,595.16
2506811113927493	2020-05-29	£47,044.05
2506815204330445	2020-05-29	£36,288.39
2506812721210128	2020-05-30	£1,403.55
2506812882667502	2020-06-01	£112,980.42
2506818001828985	2020-06-01	£5,021.88
2506814418031692	2020-06-02	£13,369.14
2506818001828985	2020-06-05	£17,183.59
2506814663655137	2020-06-06	£64,196.16
2506811791507287	2020-06-07	£96,958.62
2506819484471167	2020-06-08	£22,159.23
2506815227545690	2020-06-15	-£33,627.72
2506818387065000	2020-06-18	£101,645.69
2506819484471167	2020-06-18	£44,282.28
2506812721210128	2020-06-19	-£32,276.43
2506815227545690	2020-06-21	-£44,946.93
2506814418031692	2020-06-21	-£6,104.49
2506816505357332	2020-06-22	£30,311.41
2506812882667502	2020-06-22	£156,157.06
2506819650850193	2020-06-22	£35,336.88
2506819484471167	2020-06-25	£88,601.29
2506811113927493	2020-06-26	£3,239.49
2506819484471167	2020-06-28	£130,761.81
2506815227545690	2020-06-29	-£9,619.17
2506815204330445	2020-06-29	-£7,474.94
2506817999360237	2020-06-29	£36,242.58
2506816313428360	2020-06-30	£124,415.79
2506818387065000	2020-07-01	£76,111.71
2506817368599029	2020-07-01	£90,856.43
2506814663655137	2020-07-01	£43,635.18
2506812922099134	2020-07-02	£46,386.60
2506819650850193	2020-07-02	£38,661.81
2506813582848069	2020-07-03	-£55,848.10
2506812882667502	2020-07-05	£135,745.69
2506817999360237	2020-07-07	£22,360.33
2506811791507287	2020-07-08	£131,020.68
2506814663655137	2020-07-10	£77,150.49
2506817368599029	2020-07-12	£106,572.66
2506812721210128	2020-07-14	£6,729.02
2506812882667502	2020-07-18	£87,075.63
2506813211932996	2020-07-20	£0.00
2506811113927493	2020-07-21	-£45,574.79
2506818001828985	2020-07-25	£33,386.23
2506815227545690	2020-07-27	-£5,965.07
2506814418031692	2020-07-30	-£30,328.88
2506818387065000	2020-07-31	£96,825.27
2506817368599029	2020-08-01	£98,628.55
2506815227545690	2020-08-04	£3,727.18
2506816505357332	2020-08-05	£15,532.03
2506813582848069	2020-08-07	-£75,714.99
2506815227545690	2020-08-10	£31,959.49
2506819484471167	2020-08-10	£104,891.49
2506812721210128	2020-08-11	£23,302.28
2506816505357332	2020-08-13	£49,428.14
2506819484471167	2020-08-13	£73,788.59
2506812882667502	2020-08-15	£76,827.38
2506811791507287	2020-08-16	£119,866.32
2506812882667502	2020-08-16	£67,465.64
2506811113927493	2020-08-20	-£43,223.17
2506812922099134	2020-08-21	£72,948.68
2506819650850193	2020-08-21	£84,278.91
2506814663655137	2020-08-22	£76,417.32
2506819484471167	2020-08-22	£67,161.07
2506816313428360	2020-08-23	£144,520.38
2506811791507287	2020-08-24	£146,887.60
2506812721210128	2020-08-24	£14,530.52
2506812882667502	2020-08-25	£89,340.47
2506819484471167	2020-08-25	£17,426.55
2506819650850193	2020-08-25	£113,752.65
2506815204330445	2020-08-28	-£43,437.00
2506817999360237	2020-08-31	£37,113.25
2506814418031692	2020-09-01	-£40,983.91
2506816313428360	2020-09-06	£183,924.32
2506813582848069	2020-09-10	-£83,998.13
2506813582848069	2020-09-13	-£51,324.06
2506818001828985	2020-09-16	£44,769.38
2506816505357332	2020-09-18	£34,121.70
2506811113927493	2020-09-18	-£91,377.71
2506815227545690	2020-09-21	£7,162.10
2506811113927493	2020-09-22	-£136,092.34
2506818387065000	2020-09-23	£81,361.19
2506819484471167	2020-09-23	£47,470.82
2506819650850193	2020-09-26	£134,307.71
2506811791507287	2020-09-27	£168,903.32
2506814663655137	2020-09-28	£70,558.72
2506813582848069	2020-09-29	-£35,151.13
2506817368599029	2020-09-30	£131,372.70
2506816313428360	2020-10-01	£197,634.32
2506812882667502	2020-10-02	£83,458.06
2506817999360237	2020-10-02	-£2,692.21
2506812922099134	2020-10-04	£113,008.66
2506815204330445	2020-10-04	-£14,283.89
2506811791507287	2020-10-08	£147,955.38
2506818387065000	2020-10-10	£72,101.00
2506817999360237	2020-10-11	£37,922.38
2506811791507287	2020-10-12	£195,251.07
2506811791507287	2020-10-12	£154,008.35
2506818001828985	2020-10-13	£33,496.06
2506811113927493	2020-10-15	-£112,176.07
2506819484471167	2020-10-15	£30,252.83
2506814418031692	2020-10-16	-£88,037.96
2506817368599029	2020-10-17	£169,964.97
2506812721210128	2020-10-17	£19,416.29
2506812721210128	2020-10-17	£39,207.00
2506815106227489	2020-10-18	£42,879.15
2506816505357332	2020-10-18	£36,389.29
2506814663655137	2020-10-22	£93,132.65
2506816505357332	2020-10-26	£34,506.00
2506817368599029	2020-10-27	£134,927.32
2506814663655137	2020-10-27	£50,383.71
2506812882667502	2020-10-28	£57,804.40
2506819650850193	2020-11-06	£115,500.75
2506813582848069	2020-11-07	-£54,375.43
2506815227545690	2020-11-09	£20,667.46
2506819484471167	2020-11-09	£31,243.82
2506814418031692	2020-11-10	-£97,558.20
2506812922099134	2020-11-11	£145,095.48
2506816505357332	2020-11-16	£80,783.29
2506818001828985	2020-11-17	£69,078.49
2506818387065000	2020-11-18	£45,924.80
2506817368599029	2020-11-19	£181,082.25
2506815204330445	2020-11-19	£11,251.43
2506812922099134	2020-11-20	£164,174.42
2506817999360237	2020-11-20	-£7,954.58
2506813582848069	2020-11-21	-£16,824.71
2506811113927493	2020-11-24	-£135,597.87
2506816313428360	2020-11-27	£175,886.90
2506814418031692	2020-11-27	-£74,375.70
2506818387065000	2020-11-28	£81,061.92
2506815227545690	2020-11-29	-£28,387.46
2506812721210128	2020-12-04	£11,527.36
2506811791507287	2020-12-07	£162,415.55
2506812882667502	2020-12-09	£26,846.47
2506815227545690	2020-12-11	-£65,171.24
2506818387065000	2020-12-17	£37,192.89
2506815204330445	2020-12-22	-£32,309.49
2506814418031692	2020-12-22	-£61,604.25
2506816505357332	2020-12-23	£112,432.75
2506814663655137	2020-12-24	£70,322.36
2506814663655137	2020-12-24	£109,602.93
2506812922099134	2020-12-26	£159,732.60
2506816313428360	2020-12-30	£158,089.06
2506819650850193	2020-12-31	£100,237.57
2506814418031692	2021-01-03	-£53,547.89
2506817999360237	2021-01-03	-£37,263.45
2506811113927493	2021-01-04	-£112,835.41
2506817368599029	2021-01-06	£149,268.40
2506811791507287	2021-01-08	£201,941.33
2506819484471167	2021-01-08	£68,128.96
2506816505357332	2021-01-11	£150,041.23
2506818001828985	2021-01-11	£110,942.71
2506816313428360	2021-01-13	£142,754.41
2506812721210128	2021-01-14	-£4,449.79
2506813582848069	2021-01-16	-£24,862.78
2506819650850193	2021-01-17	£143,935.36
2506811113927493	2021-01-18	-£160,888.20
2506819650850193	2021-01-21	£163,357.45
2506814418031692	2021-01-29	-£59,463.88
2506812922099134	2021-02-01	£116,933.67
2506812882667502	2021-02-03	-£9,202.89
2506815227545690	2021-02-04	-£62,552.04
2506816313428360	2021-02-04	£98,685.66
2506817999360237	2021-02-05	-£72,683.47
2506818387065000	2021-02-08	£11,053.58
2506814663655137	2021-02-10	£129,300.39
2506814663655137	2021-02-11	£115,947.83
2506818387065000	2021-02-15	-£29,169.10
2506811113927493	2021-02-15	-£177,641.89
2506816505357332	2021-02-16	£107,250.13
2506815204330445	2021-02-19	£17,327.69
2506817368599029	2021-02-21	£194,382.55
2506819650850193	2021-02-22	£138,900.89
2506812721210128	2021-02-26	-£11,442.16
2506812721210128	2021-02-26	-£19,708.92
2506813582848069	2021-02-26	-£57,814.25
2506819650850193	2021-02-27	£163,959.18
2506811791507287	2021-03-02	£236,734.83
2506819484471167	2021-03-04	£66,280.10
2506812922099134	2021-03-05	£110,467.37
2506818001828985	2021-03-11	£148,220.51
2506811113927493	2021-03-13	-£148,828.35
2506816313428360	2021-03-13	£120,929.82
2506815227545690	2021-03-14	-£91,330.66
2506817999360237	2021-03-14	-£30,697.39
2506815204330445	2021-03-19	£44,304.74
2506812882667502	2021-03-19	-£28,758.83
2506816313428360	2021-03-22	£121,955.05
2506811791507287	2021-03-24	£255,607.18
2506814663655137	2021-03-24	£161,789.02
2506814418031692	2021-03-24	-£84,386.25
2506817999360237	2021-03-25	-£989.77
2506819484471167	2021-03-27	£43,763.72
2506811791507287	2021-03-31	£265,185.12
2506819484471167	2021-04-01	£25,758.50
2506817999360237	2021-04-02	£28,286.75
2506813582848069	2021-04-04	-£31,480.75
2506818387065000	2021-04-06	-£77,071.93
2506811791507287	2021-04-06	£303,597.33
2506814663655137	2021-04-07	£175,889.53
2506812721210128	2021-04-07	£5,259.05
2506811791507287	2021-04-10	£334,716.54
2506814418031692	2021-04-13	-£120,249.93
2506816313428360	2021-04-15	£106,903.70
2506816505357332	2021-04-16	£93,440.70
2506817368599029	2021-04-19	£206,930.17
2506811113927493	2021-04-19	-£171,262.84
2506816505357332	2021-04-22	£95,324.83
2506817368599029	2021-04-24	£188,512.48
2506811791507287	2021-04-25	£369,073.50
2506819650850193	2021-04-26	£142,159.40
2506817999360237	2021-04-27	-£8,038.41
2506815204330445	2021-04-28	£73,002.88
2506812922099134	2021-04-29	£138,286.62
2506815227545690	2021-04-30	-£108,371.72
2506818001828985	2021-05-04	£117,536.10
2506815227545690	2021-05-07	-£64,910.26
2506812922099134	2021-05-14	£176,128.89
2506813582848069	2021-05-14	-£16,881.12
2506817368599029	2021-05-16	£152,026.31
2506812882667502	2021-05-16	-£29,960.31
2506811113927493	2021-05-19	-£151,000.13
2506816505357332	2021-05-21	£113,964.47
2506814663655137	2021-05-21	£159,566.02
2506812922099134	2021-05-22	£146,825.96
2506811791507287	2021-05-22	£332,689.01
2506814418031692	2021-05-23	-£114,256.41
2506819484471167	2021-05-26	-£19,087.64
2506815204330445	2021-05-31	£23,776.29
2506818387065000	2021-06-03	-£124,054.01
2506818387065000	2021-06-04	-£157,615.39
2506812721210128	2021-06-06	£31,939.44
2506816313428360	2021-06-09	£153,560.59
2506819650850193	2021-06-11	£108,581.89
2506817368599029	2021-06-13	£137,979.00
2506812882667502	2021-06-13	-£16,120.09
2506817999360237	2021-06-13	£15,314.61
2506814663655137	2021-06-14	£151,089.26
2506816505357332	2021-06-15	£134,856.14
2506817999360237	2021-06-15	£17,011.57
2506812882667502	2021-06-16	-£4,891.31
2506815204330445	2021-06-17	-£3,960.38
2506813582848069	2021-06-17	-£51,789.57
2506818001828985	2021-06-20	£80,161.71
2506811791507287	2021-06-22	£375,185.19
2506813582848069	2021-06-29	-£26,649.22
2506811113927493	2021-07-01	-£159,258.93
2506812922099134	2021-07-02	£174,204.98
2506814418031692	2021-07-04	-£79,707.57
2506815227545690	2021-07-05	-£87,537.10
2506817999360237	2021-07-06	-£3,957.47
2506816313428360	2021-07-08	£123,834.61
2506817368599029	2021-07-09	£88,890.76
2506815204330445	2021-07-10	-£24,070.72
2506819650850193	2021-07-13	£98,468.43
2506816505357332	2021-07-18	£88,398.45
2506818387065000	2021-07-20	-£175,425.97
2506812721210128	2021-07-20	£15,986.80
2506812882667502	2021-07-22	£1,515.50
2506819484471167	2021-07-22	-£38,827.83
2506811791507287	2021-07-26	£392,737.44
2506817368599029	2021-07-27	£55,611.80
2506814663655137	2021-07-31	£179,551.20
2506813582848069	2021-07-31	-£61,466.19
2506812922099134	2021-08-03	£196,278.20
2506818001828985	2021-08-03	£46,121.85
2506817999360237	2021-08-06	-£46,679.35
2506815204330445	2021-08-07	£13,296.76
2506819484471167	2021-08-09	-£12,160.29
2506817368599029	2021-08-10	£93,354.25
2506811113927493	2021-08-13	-£124,470.45
2506811791507287	2021-08-16	£404,110.04
2506815227545690	2021-08-17	-£105,454.31
2506816313428360	2021-08-18	£88,574.66
2506812721210128	2021-08-19	£60,936.62
2506814418031692	2021-08-23	-£117,380.80
2506813582848069	2021-08-23	-£41,621.15
2506819484471167	2021-08-24	£8,849.01
2506819484471167	2021-08-24	£29,501.45
2506812922099134	2021-08-26	£227,567.38
2506815204330445	2021-08-26	£60,141.92
2506816313428360	2021-08-27	£73,892.83
2506811791507287	2021-08-28	£416,074.76
2506819650850193	2021-09-01	£69,053.85
2506819484471167	2021-09-03	-£10,907.23
2506815227545690	2021-09-04	-£142,169.38
2506811113927493	2021-09-04	-£104,236.35
2506816505357332	2021-09-05	£71,765.89
2506819484471167	2021-09-07	-£42,437.24
2506818387065000	2021-09-08	-£218,887.88
2506812882667502	2021-09-08	-£42,196.41
2506812882667502	2021-09-09	-£4,935.19
2506818001828985	2021-09-09	£44,332.29
2506811791507287	2021-09-14	£462,146.71
2506817999360237	2021-09-14	-£36,199.65
2506817284622925	2021-09-21	£92,763.31
2506812882667502	2021-09-21	-£13,696.18
2506812922099134	2021-09-22	£243,314.38
2506816505357332	2021-09-22	£93,603.15
2506817999360237	2021-09-22	-£2,248.00
2506819484471167	2021-09-24	-£74,905.52
2506819650850193	2021-09-24	£38,850.70
2506818001828985	2021-09-24	£77,683.31
2506814663655137	2021-09-27	£134,857.54
2506815204330445	2021-09-27	£20,118.22
2506816313428360	2021-09-28	£82,607.60
2506812721210128	2021-09-29	£103,793.83
2506817368599029	2021-09-30	£46,077.96
2506813582848069	2021-10-04	-£33,727.43
2506816313428360	2021-10-06	£37,004.79
2506816505357332	2021-10-10	£112,655.47
2506812721210128	2021-10-15	£81,844.54
2506815227545690	2021-10-16	-£110,748.56
2506817999360237	2021-10-16	-£47,065.78
2506814418031692	2021-10-18	-£73,187.61
2506818001828985	2021-10-21	£27,978.62
2506818387065000	2021-10-24	-£199,555.41
2506813582848069	2021-10-25	-£10,806.42
2506812882667502	2021-10-29	-£57,274.41
2506815227545690	2021-10-30	-£138,939.98
2506811113927493	2021-10-30	-£149,427.33
2506814663655137	2021-11-01	£180,751.22
2506812922099134	2021-11-04	£245,155.69
2506816505357332	2021-11-09	£127,829.55
2506811791507287	2021-11-09	£475,831.68
2506813582848069	2021-11-09	£22,240.85
2506815204330445	2021-11-11	-£3,467.92
2506815204330445	2021-11-11	-£19,021.23
2506811113927493	2021-11-15	-£140,202.28
2506819650850193	2021-11-15	£84,279.67
2506815204330445	2021-11-16	-£62,898.64
2506812922099134	2021-11-19	£232,643.91
2506811791507287	2021-11-19	£461,492.13
2506816313428360	2021-11-19	£26,397.20
2506812922099134	2021-11-20	£251,073.20
2506811113927493	2021-11-22	-£178,204.83
2506819484471167	2021-11-22	-£66,635.23
2506812882667502	2021-11-25	-£75,814.75
2506811791507287	2021-11-26	£490,040.03
2506817368599029	2021-11-27	£93,469.60
2506812721210128	2021-11-27	£64,339.91
2506813582848069	2021-11-28	£8,101.51
2506816505357332	2021-11-29	£176,525.04
2506815204330445	2021-11-29	-£23,030.36
2506819484471167	2021-11-29	-£112,912.43
2506815204330445	2021-12-04	-£43,205.54
2506814663655137	2021-12-08	£209,957.49
2506814418031692	2021-12-11	-£59,473.12
2506815227545690	2021-12-12	-£188,918.34
2506812922099134	2021-12-14	£289,559.90
2506817368599029	2021-12-14	£74,435.82
2506818001828985	2021-12-14	£64,043.72
2506817999360237	2021-12-14	-£55,391.19
2506814728406072	2021-12-15	£54,051.50
2506817999360237	2021-12-17	-£13,780.93
2506818387065000	2021-12-18	-£197,842.52
2506812922099134	2021-12-19	£242,972.27
2506816313428360	2021-12-28	£56,486.72
2506819650850193	2022-01-01	£56,209.24
2506811791507287	2022-01-03	£491,322.38
2506816313428360	2022-01-08	£82,639.35
2506819484471167	2022-01-08	-£104,888.12
2506812882667502	2022-01-09	-£88,230.34
2506816505357332	2022-01-11	£138,145.47
2506814418031692	2022-01-11	-£31,084.79
2506819484471167	2022-01-14	-£109,594.06
2506814663655137	2022-01-16	£167,201.83
2506812721210128	2022-01-17	£78,925.62
2506817999360237	2022-01-18	-£63,135.84
2506811113927493	2022-01-19	-£165,589.00
2506817368599029	2022-01-20	£75,262.64
2506816313428360	2022-01-21	£101,318.28
2506813582848069	2022-01-21	£1,002.70
2506815204330445	2022-01-26	£1,868.72
2506818387065000	2022-01-30	-£195,785.98
2506812922099134	2022-02-02	£204,054.96
2506819484471167	2022-02-02	-£89,226.99
2506816505357332	2022-02-03	£172,234.18
2506811113927493	2022-02-04	-£214,399.90
2506812882667502	2022-02-04	-£95,186.11
2506817999360237	2022-02-04	-£77,930.35
2506812882667502	2022-02-06	-£106,373.18
2506818001828985	2022-02-07	£51,655.94
2506815227545690	2022-02-08	-£155,007.87
2506811791507287	2022-02-10	£532,246.28
2506814418031692	2022-02-12	-£44,619.37
2506816505357332	2022-02-15	£145,869.57
2506812922099134	2022-02-20	£224,170.31
2506816313428360	2022-02-20	£99,798.22
2506812882667502	2022-02-21	-£131,397.77
2506811113927493	2022-02-28	-£260,452.13
2506819650850193	2022-03-01	£70,330.81
2506816313428360	2022-03-02	£92,541.10
2506816313428360	2022-03-05	£43,803.80
2506811791507287	2022-03-06	£579,658.01
2506817368599029	2022-03-10	£96,974.35
2506812922099134	2022-03-11	£227,690.23
2506814663655137	2022-03-11	£216,644.00
2506814418031692	2022-03-13	-£69,407.72
2506818387065000	2022-03-14	-£165,900.71
2506817999360237	2022-03-14	-£44,847.41
2506812721210128	2022-03-17	£102,799.57
2506812882667502	2022-03-19	-£129,456.74
2506816505357332	2022-03-21	£186,232.65
2506815204330445	2022-03-21	-£9,849.37
2506813582848069	2022-03-21	-£36,419.55
2506812882667502	2022-03-22	-£157,833.97
2506818001828985	2022-03-23	£25,171.89
2506815227545690	2022-03-24	-£142,825.30
2506816313428360	2022-03-24	£31,145.13
2506811113927493	2022-03-25	-£241,757.13
2506819484471167	2022-03-26	-£65,166.04
2506812922099134	2022-03-27	£266,816.35
2506817999360237	2022-03-27	-£2,333.59
2506818387065000	2022-04-02	-£195,441.78
2506816313428360	2022-04-02	£11,243.47
2506817368599029	2022-04-09	£126,788.26
2506815204330445	2022-04-12	£12,752.94
2506814418031692	2022-04-16	-£80,828.09
2506811113927493	2022-04-18	-£278,294.31
2506815204330445	2022-04-19	-£9,119.80
2506811791507287	2022-04-20	£612,360.08
2506817368599029	2022-04-21	£142,683.23
2506815227545690	2022-04-24	-£160,366.44
2506815204330445	2022-04-24	£12,458.37
2506814418031692	2022-04-25	-£99,690.98
2506818387065000	2022-04-26	-£161,066.23
2506815204330445	2022-04-27	£27,680.26
2506819650850193	2022-04-29	£27,069.16
2506818387065000	2022-05-01	-£155,876.38
2506817368599029	2022-05-03	£180,399.73
2506816505357332	2022-05-05	£173,589.40
2506818001828985	2022-05-05	£33,957.40
2506814418031692	2022-05-06	-£146,324.03
2506812721210128	2022-05-06	£97,769.08
2506814663655137	2022-05-09	£220,758.08
2506812882667502	2022-05-11	-£200,523.23
2506812882667502	2022-05-11	-£195,426.88
2506819650850193	2022-05-13	-£6,346.19
2506813582848069	2022-05-15	-£48,628.28
2506811113927493	2022-05-16	-£231,140.03
2506819484471167	2022-05-16	-£62,417.76
2506818387065000	2022-05-17	-£116,181.41
2506816313428360	2022-05-17	£52,483.13
2506817999360237	2022-05-17	-£37,826.40
2506812922099134	2022-05-21	£263,067.52
2506811791507287	2022-05-27	£593,545.62
2506814663655137	2022-05-29	£230,833.30
2506816505357332	2022-05-30	£126,239.72
2506811791507287	2022-06-04	£570,194.45
2506812922099134	2022-06-05	£259,027.08
2506817368599029	2022-06-06	£212,443.97
2506818387065000	2022-06-09	-£146,026.01
2506811791507287	2022-06-09	£615,311.11
2506818001828985	2022-06-10	£77,519.18
2506815204330445	2022-06-12	£24,072.07
2506815227545690	2022-06-13	-£134,962.61
2506814418031692	2022-06-16	-£169,214.78
2506811791507287	2022-06-18	£575,952.44
